{"patients": [471.0, 1233.0, 1249.0, 1849.0, 1994.0, 2131.0, 2278.0, 2389.0, 2849.0, 2937.0, 3529.0, 5037.0, 5122.0, 5338.0, 6229.0, 6428.0, 7577.0, 7729.0, 8728.0, 9517.0, 9881.0], "params": {"feature_file": "data/snyder_et_al_processed_data-features.tsv", "feature_class_file": "data/snyder_et_al_processed_data-feature-classes.tsv", "outcome_file": "data/snyder_et_al_processed_data-outcomes.tsv", "output_prefix": "output/en/en-trained", "model": "en", "max_iter": 1000000, "tol": 1e-07, "verbosity": 20, "n_jobs": 1, "training_classes": ["Clinical", "Tumor", "Blood"]}, "ExpandedClones": {"preds": [1.978439084088453, 2.376497559635967, 1.7901009549873543, 1.0200455387741079, -0.07031462017260792, 2.316041723328418, 0.9762894624213221, 1.5174294158784045, 1.6568606970166389, 0.5177043843436513, 0.18306615709367335, 2.5549003326049093, 1.4302373990694737, 0.16083285417717552, 2.481922834983668, 0.8006347756971524, 2.8389636272375647, 2.6480619916517254, 0.8608337461287983, 0.19621783040672902, 0.8782858342526513], "true": [2.079441541679836, 2.4849066497880004, 1.791759469228055, 1.3862943611198906, 0.0, 2.302585092994046, 1.3862943611198906, 2.4849066497880004, 1.6094379124341005, 0.0, 0.0, 2.302585092994046, 1.6094379124341005, 0.0, 1.791759469228055, 0.6931471805599453, 1.791759469228055, 2.8903717578961645, 1.3862943611198906, 0.0, 1.0986122886681098], "variance_explained": 0.7899448287913424, "rmse": {"baseline": 0.9154967187613872, "held-out": 0.41958840750472826}, "mse": {"baseline": 0.8381342420628665, "held-out": 0.17605443171235388}, "mae": {"baseline": 0.7528354019871754, "held-out": 0.305156380265601}}}